n,sgr_h_mean,sgr_h_sd,sgr_h_median,sgr_h_mad,sgr_h_CV
394,0.37964828537369044,0.3250314302414795,0.3408924972083734,0.07004226801457233,0.8561382805181086
